{
    "confidence_score": 0.6720628142356873,
    "ptm": 0.6752454042434692,
    "iptm": 0.5116304159164429,
    "ligand_iptm": 0.0,
    "protein_iptm": 0.5116304159164429,
    "complex_plddt": 0.7121708989143372,
    "complex_iplddt": 0.5694840550422668,
    "complex_pde": 1.6820106506347656,
    "complex_ipde": 11.560700416564941,
    "chains_ptm": {
        "0": 0.8152594566345215,
        "1": 0.6903625726699829
    },
    "pair_chains_iptm": {
        "0": {
            "0": 0.8152594566345215,
            "1": 0.5116304159164429
        },
        "1": {
            "0": 0.2972700595855713,
            "1": 0.6903625726699829
        }
    }
}