{
    "confidence_score": 0.7143716216087341,
    "ptm": 0.823790967464447,
    "iptm": 0.665198564529419,
    "ligand_iptm": 0.0,
    "protein_iptm": 0.665198564529419,
    "complex_plddt": 0.7266649007797241,
    "complex_iplddt": 0.6242547631263733,
    "complex_pde": 1.0258610248565674,
    "complex_ipde": 6.160743236541748,
    "chains_ptm": {
        "0": 0.8825386762619019,
        "1": 0.8368369340896606
    },
    "pair_chains_iptm": {
        "0": {
            "0": 0.8825386762619019,
            "1": 0.6170989871025085
        },
        "1": {
            "0": 0.665198564529419,
            "1": 0.8368369340896606
        }
    }
}