{
    "confidence_score": 0.8010074496269226,
    "ptm": 0.8650145530700684,
    "iptm": 0.7796672582626343,
    "ligand_iptm": 0.0,
    "protein_iptm": 0.7796672582626343,
    "complex_plddt": 0.8063425421714783,
    "complex_iplddt": 0.7359685897827148,
    "complex_pde": 0.7490136027336121,
    "complex_ipde": 6.258079528808594,
    "chains_ptm": {
        "0": 0.8795946836471558,
        "1": 0.9818558096885681
    },
    "pair_chains_iptm": {
        "0": {
            "0": 0.8795946836471558,
            "1": 0.6764433979988098
        },
        "1": {
            "0": 0.7796672582626343,
            "1": 0.9818558096885681
        }
    }
}