{
    "confidence_score": 0.6929822564125061,
    "ptm": 0.8376753330230713,
    "iptm": 0.6871626377105713,
    "ligand_iptm": 0.0,
    "protein_iptm": 0.6871626377105713,
    "complex_plddt": 0.6944371461868286,
    "complex_iplddt": 0.5722193121910095,
    "complex_pde": 1.103384256362915,
    "complex_ipde": 5.667792797088623,
    "chains_ptm": {
        "0": 0.8947368860244751,
        "1": 0.7439476251602173
    },
    "pair_chains_iptm": {
        "0": {
            "0": 0.8947368860244751,
            "1": 0.6804031133651733
        },
        "1": {
            "0": 0.6871626377105713,
            "1": 0.7439476251602173
        }
    }
}