{
    "confidence_score": 0.8294991850852966,
    "ptm": 0.8467700481414795,
    "iptm": 0.8749871850013733,
    "ligand_iptm": 0.0,
    "protein_iptm": 0.8749871850013733,
    "complex_plddt": 0.8181271553039551,
    "complex_iplddt": 0.8038336634635925,
    "complex_pde": 0.9493101835250854,
    "complex_ipde": 3.235477924346924,
    "chains_ptm": {
        "0": 0.8436571955680847,
        "1": 0.9821962714195251
    },
    "pair_chains_iptm": {
        "0": {
            "0": 0.8436571955680847,
            "1": 0.7219620943069458
        },
        "1": {
            "0": 0.8749871850013733,
            "1": 0.9821962714195251
        }
    }
}