{
    "confidence_score": 0.6769986748695374,
    "ptm": 0.8116738200187683,
    "iptm": 0.27530407905578613,
    "ligand_iptm": 0.0,
    "protein_iptm": 0.27530407905578613,
    "complex_plddt": 0.777422308921814,
    "complex_iplddt": 0.7161657214164734,
    "complex_pde": 1.0070624351501465,
    "complex_ipde": 15.199797630310059,
    "chains_ptm": {
        "0": 0.900287389755249,
        "1": 0.9593890309333801
    },
    "pair_chains_iptm": {
        "0": {
            "0": 0.900287389755249,
            "1": 0.24181675910949707
        },
        "1": {
            "0": 0.27530407905578613,
            "1": 0.9593890309333801
        }
    }
}