{
    "confidence_score": 0.683735728263855,
    "ptm": 0.6909404993057251,
    "iptm": 0.2592305541038513,
    "ligand_iptm": 0.0,
    "protein_iptm": 0.2592305541038513,
    "complex_plddt": 0.7898619771003723,
    "complex_iplddt": 0.7145799994468689,
    "complex_pde": 1.3726346492767334,
    "complex_ipde": 14.99587631225586,
    "chains_ptm": {
        "0": 0.7732652425765991,
        "1": 0.966830313205719
    },
    "pair_chains_iptm": {
        "0": {
            "0": 0.7732652425765991,
            "1": 0.17976614832878113
        },
        "1": {
            "0": 0.2592305541038513,
            "1": 0.966830313205719
        }
    }
}