{
    "confidence_score": 0.6271461248397827,
    "ptm": 0.6654255390167236,
    "iptm": 0.3919171392917633,
    "ligand_iptm": 0.0,
    "protein_iptm": 0.3919171392917633,
    "complex_plddt": 0.6859533190727234,
    "complex_iplddt": 0.5418025851249695,
    "complex_pde": 1.9028152227401733,
    "complex_ipde": 11.522109985351562,
    "chains_ptm": {
        "0": 0.7699650526046753,
        "1": 0.7282618284225464
    },
    "pair_chains_iptm": {
        "0": {
            "0": 0.7699650526046753,
            "1": 0.36699047684669495
        },
        "1": {
            "0": 0.3919171392917633,
            "1": 0.7282618284225464
        }
    }
}